feature,permission_name,description,group_name,group_order,order,permission_desc,group_slug,main_slug,other_slug,method,api_pattern,supper_admin,admin,head_of_school,principal,academic,academic_manager,operation,operation_manager,it,it_manager,teacher,nanny,nurse,fnb,fnb_manager,accountant_view,accountant,chief_accountant,purchasing,contact_center,contact_center_manager,admission,admission_manager,marketing,crm_admin,finance_director,application_pipeline_manager,medicine,leave_request,user_actor
Feedback,,Get list reason,Feedback,1,,,,,cfg_public,GET,/feedback/admin/reason,,,,,,,,,,,,,,,,,,,,,,,,,,,,,,
Feedback,View Feedback,Get list feedback,Feedback,1,1,,fb_feedback_read,fb_feedback_read,,GET,/feedback/admin/get_list_feedback,1,1,1,1,1,1,1,1,1,1,1,,,,,,,,,1,1,1,1,,1,,,,,
Feedback,Create Feedback,Create 1 feedback,Feedback,1,2,,fb_feedback_create,fb_feedback_add,,POST,/feedback/admin/feedback,1,,,,1,1,,,,1,,,,,,,,,,1,1,1,1,,,,,,,
Feedback,Manager Feedback,Get feedback detail,Feedback,1,3,,fb_feedback_manage,fb_feedback_edit,fb_feedback_read,GET,/feedback/admin/get_feedback_detail/pk,1,,1,1,1,1,1,1,1,1,1,,,,,,,,,1,1,1,1,,,,,,,
Feedback,Feedback Approval,Feedback Approval,Feedback,1,4,,fb_feedback_approval,fb_feedback_approval,,POST,/feedback/admin/approval/feedback_id,1,,1,1,,,,,,,,,,,,,,,,,1,,1,,,,,,,
Feedback,Feedback Close,Feedback Close,Feedback,1,5,,fb_feedback_close,fb_feedback_close,,POST,/feedback/admin/close/feedback_id,1,1,,,,,,,,,,,,,,,,,,,1,,,,,,,,,
Feedback,Feedback Recall,Feedback Recall,Feedback,1,14,,fb_feedback_recall,fb_feedback_recall,,POST,/feedback/admin/recall/feedback_id,1,,,,,1,,,,,,,,,,,,,,,1,,,,,,,,,
Feedback,,"Get feedback guardian, student info",Feedback,1,,,,,fb_feedback_manage,GET,/feedback/admin/get_guardian_and_student/pk,,,,,,,,,,,,,,,,,,,,,,,,,,,,,,
Feedback,,Get list activilog,Feedback,1,,,,,fb_feedback_manage,GET,/feedback/admin/get_list_activity_log/pk,,,,,,,,,,,,,,,,,,,,,,,,,,,,,,
Feedback,View Note,Get list note,Feedback,1,6,,fb_note_read,fb_note_read,,GET,/feedback/admin/get_list_active_note/feedback_id,1,1,1,1,1,1,1,1,1,1,1,,,,,,,,,1,1,1,1,,1,,,,,
Feedback,Create Note,Create 1 note,Feedback,1,7,,fb_note_create,fb_note_add,,POST,/feedback/admin/add_note,1,,1,1,1,1,1,1,1,1,1,,,,,,,,,1,1,1,1,,,,,,,
Feedback,Manage Note,Update 1 note,Feedback,1,8,,fb_note_manage,fb_note_edit,,PUT,/feedback/admin/update_note/pk,1,,1,1,1,1,1,1,1,1,1,,,,,,,,,1,1,1,1,,,,,,,
Feedback,Delete Note,Delete 1 note,Feedback,1,,,,fb_note_del,fb_note_manage,DELETE,/feedback/admin/update_note/pk,1,,1,1,,1,,,,,,,,,,,,,,,1,,1,,,,,,,
Feedback,View Solution,Get solution by feedback ,Feedback,1,9,,fb_solution_read,fb_solution_read,,GET,/feedback/admin/solution/list,1,1,1,1,,1,1,1,,,,,,,,,,,,1,1,,1,,1,,,,,
Feedback,Manage Solution,Get 1 solution detail,Feedback,1,10,,fb_solution_manage,fb_solution_edit,,GET,/feedback/admin/solution/detail/pk,1,,1,1,,1,,,,,,,,,,,,,,,1,,1,,,,,,,
Feedback,,Update 1 solution detail,Feedback,1,,,,,fb_solution_manage,PUT,/feedback/admin/solution/detail/pk,,,,,,,,,,,,,,,,,,,,,,,,,,,,,,
Feedback,,Get process by feedback ,Feedback,1,,,,,fb_solution_manage,GET,/feedback/admin/process/feedback_id,,,,,,,,,,,,,,,,,,,,,,,,,,,,,,
Feedback,Change Follow,Change Follow,Feedback,1,11,,fb_change_follow,fb_follow_edit,,POST,/feedback/admin/follow,1,,1,,,1,,,,,,,,,,,,,,,1,,,,,,,,,
Feedback,Change Assign,Change Assign,Feedback,1,12,,fb_change_assign,fb_assign_edit,,POST,/feedback/admin/assign,1,,1,1,,1,,1,,,,,,,,,,,,,1,,,,,,,,,
Feedback,Change Approval,Change Approval,Feedback,1,13,,fb_change_approval,fb_approval_edit,,POST,/feedback/admin/approval,1,,1,1,,1,,,,,,,,,,,,,,,1,,,,,,,,,
Feedback,Rating,Rating Feedback,Feedback,1,,,,,fb_feedback_close,POST,/feedback/admin/rating,,,,,,,,,,,,,,,,,,,,,,,,,,,,,,
Feedback,Person Search,Search Person,Feedback,1,,,,,cfg_public,GET,/feedback/person/search,,,,,,,,,,,,,,,,,,,,,,,,,,,,,,
Feedback,Create Follow up rule,Create Follow up rule,Feedback,1,15,,fb_config,fb_config,,POST,/feedback/admin/config/follow/list,1,,,,,1,,1,,,,,,,,,,,,,,,,,,,,,,
Feedback,Get Follow up rule list,Get Follow up rule list,Feedback,1,,,,,fb_config,GET,/feedback/admin/config/follow/list,,,,,,,,,,,,,,,,,,,,,,,,,,,,,,
Feedback,Delete follow up rule,Delete follow up rule,Feedback,1,,,,,fb_config,DELETE,/feedback/admin/config/follow/detail/pk,,,,,,,,,,,,,,,,,,,,,,,,,,,,,,
Feedback,Get assign to rule list,Get assign to rule list,Feedback,1,,,,,fb_config,GET,/feedback/admin/config/assign/list,,,,,,,,,,,,,,,,,,,,,,,,,,,,,,
Feedback,Create assign to rule,Create assign to rule,Feedback,1,,,,,fb_config,POST,/feedback/admin/config/assign/list,,,,,,,,,,,,,,,,,,,,,,,,,,,,,,
Feedback,Delete assign to rule,Delete assign to rule,Feedback,1,,,,,fb_config,DELETE,/feedback/admin/config/assign/detail/pk,,,,,,,,,,,,,,,,,,,,,,,,,,,,,,
Feedback,Get auto assign to rule list,Get auto assign to rule list,Feedback,1,,,,,fb_config,GET,/feedback/admin/config/auto/assign/list,,,,,,,,,,,,,,,,,,,,,,,,,,,,,,
Feedback,Create auto assign to rule,Create auto assign to rule,Feedback,1,,,,,fb_config,POST,/feedback/admin/config/auto/assign/list,,,,,,,,,,,,,,,,,,,,,,,,,,,,,,
Feedback,Delete auto assign to rule,Delete auto assign to rule,Feedback,1,,,,,fb_config,DELETE,/feedback/admin/config/auto/assign/detail/pk,,,,,,,,,,,,,,,,,,,,,,,,,,,,,,
Feedback,Get approval rule list,Get approval rule list,Feedback,1,,,,,fb_config,GET,/feedback/admin/config/approval/list,,,,,,,,,,,,,,,,,,,,,,,,,,,,,,
Feedback,Create approval rule,Create approval rule,Feedback,1,,,,,fb_config,POST,/feedback/admin/config/approval/list,,,,,,,,,,,,,,,,,,,,,,,,,,,,,,
Feedback,Delete approval rule,Delete approval rule,Feedback,1,,,,,fb_config,DELETE,/feedback/admin/config/approval/detail/pk,,,,,,,,,,,,,,,,,,,,,,,,,,,,,,
Feedback,Get Reason list,Get Reason list,Feedback,1,,,,,fb_config,GET,/feedback/admin/config/reason/list,,,,,,,,,,,,,,,,,,,,,,,,,,,,,,
Feedback,Create Reason,Create Reason,Feedback,1,,,,,fb_config,POST,/feedback/admin/config/reason/list,,,,,,,,,,,,,,,,,,,,,,,,,,,,,,
Feedback,Delete Reason,Delete Reason,Feedback,1,,,,,fb_config,DELETE,/feedback/admin/config/reason/detail/pk,,,,,,,,,,,,,,,,,,,,,,,,,,,,,,
Hubspot - Tuition,View Student Tuition,Get list tuition student,Hubspot,2,1,,hub_student_tuition_read,hub_student_tuition_read,,GET,/hubspot/tuition/student/list,1,,,,,,,,,,,,,,,1,1,1,,,,1,1,,1,1,,,,
Hubspot - Tuition,Get tuition student info,Get tuition student info,Hubspot,2,,,,,hub_student_tuition_read,GET,/hubspot/tuiton/student/info/student_id,,,,,,,,,,,,,,,,,,,,,,,,,,,,,,
Hubspot,Find person by name,,Hubspot,2,2,,hub_info_read,hub_info_read,,GET,/hubspot/option/person/search,1,,,,,,,,,,,,,,,,,,,,,,,,,,,,,
Hubspot,Find guardians by student,,Hubspot,2,,,,,hub_info_read,GET,/hubspot/option/guardians/student/student_person_id,,,,,,,,,,,,,,,,,,,,,,,,,,,,,,
Hubspot,Find emergencies by student,,Hubspot,2,,,,,hub_info_read,GET,/hubspot/option/emergencies/student/student_person_id,,,,,,,,,,,,,,,,,,,,,,,,,,,,,,
Hubspot - Staging,Staging deals,,Hubspot,2,,,,hub_staging_execute,,POST,/hubspot/staging/deals,,,,,,,,,,,,,,,,,,,,,,,,,,,,,,
Hubspot - Staging,Staging contacts,,Hubspot,2,,,,,hub_staging_execute,POST,/hubspot/staging/contacts,,,,,,,,,,,,,,,,,,,,,,,,,,,,,,
Hubspot - Staging,Staging quotes,,Hubspot,2,,,,,hub_staging_execute,POST,/hubspot/staging/quotes,,,,,,,,,,,,,,,,,,,,,,,,,,,,,,
Hubspot - Staging,View Unverified Contact Staging List,,Hubspot,2,,,,hub_staging_read,,GET,/hubspot/staging/contact/unverified_list,,,,,,,,,,,,,,,,,,,,,,,,,,,,,,
Hubspot - Staging,View Unverified Deal Staging List,,Hubspot,2,,,,,hub_staging_read,GET,/hubspot/staging/deal/unverified_list,,,,,,,,,,,,,,,,,,,,,,,,,,,,,,
Hubspot - Staging,Update Staging Contact ,,Hubspot,2,3,,hub_staging_manage,hub_staging_manage,,PUT,/hubspot/staging/contact/unverified_update/id,1,,,,,,,,,,,,,,,,,,,,,,,,,,,,,
Hubspot - Staging,Merge Staging Contact,,Hubspot,2,,,,,hub_staging_manage,PUT,/hubspot/staging/contact/unverified_merge/id,,,,,,,,,,,,,,,,,,,,,,,,,,,,,,
Hubspot - Staging,Reject Staging Contact,,Hubspot,2,,,,,hub_staging_manage,DELETE,/hubspot/staging/contact/unverified_reject/id,,,,,,,,,,,,,,,,,,,,,,,,,,,,,,
Hubspot - Application pipeline,View person student pipline,,Hubspot,2,,,,,s_application_pipeline_read,GET,/hubspot/person/student/pipeline/person_id,,,,,,,,,,,,,,,,,,,,,,,,,,,,,,
Hubspot - Application pipeline,Update person student pipline,,Hubspot,2,4,,s_application_pipeline_manage,s_application_pipeline_edit,,PUT,/hubspot/student/person/detail/person_id,1,,,,,,,,,,,,,,,,,,,,,,,,,,,,,
Hubspot - Application pipeline,Get person student pipline detail,,Hubspot,2,,,,,,GET,/hubspot/student/person/detail/person_id,,,,,,,,,,,,,,,,,,,,,,,,,,,,,,
Hubspot - Application pipeline,View student list,,Hubspot,2,5,,s_application_pipeline_read,s_application_pipeline_read,,GET,/hubspot/student/list,1,,,,,,,,,,,,,,,,,,,,,,,,,,,,,
Hubspot - Application pipeline,Get student person ,,Hubspot,2,,,,,s_application_pipeline_read,GET,/hubspot/student/list/person_id,,,,,,,,,,,,,,,,,,,,,,,,,,,,,,
Hubspot - Application pipeline,Get student detail,,Hubspot,2,,,,,s_application_pipeline_read,GET,/hubspot/student/detail/pk,,,,,,,,,,,,,,,,,,,,,,,,,,,,,,
Hubspot - Application pipeline,Update student detail,,Hubspot,2,,,,,s_application_pipeline_manage,PUT,/hubspot/student/detail/pk,,,,,,,,,,,,,,,,,,,,,,,,,,,,,,
Hubspot - Application pipeline,Change student enrollment status,,Hubspot,2,6,,s_change_enrollment_status,s_change_enrollment_status,,PUT,/hubspot/option/student/enrollment-status/pk,1,,,,,,,,,,,,,,,,,,,,,,,,,,1,,,
Hubspot - Application pipeline,View consent file,,Hubspot,2,6,,s_view_consent_file,s_view_consent_file,,GET,/hubspot/consent-file/url,1,,,,,,,,,,,,,,,,,,,,,,,,,,,,,
Hubspot - Application pipeline,Upload consent file,,Hubspot,2,6,,s_upload_consent_file,s_upload_consent_file,,POST,/hubspot/consent-file/upload,1,,,,,,,,,,,,,,,,,,,,,,,,,,,,,
Hubspot - Application pipeline,Preview Student Enrollment Consent ,,Hubspot,2,,,,,s_application_pipeline_read,GET,/hubspot/student/enrollment-consent-preview/student_id,,,,,,,,,,,,,,,,,,,,,,,,,,,,,,
Hubspot - Application pipeline,Verify Student Enrollment,,Hubspot,2,,,,,s_application_pipeline_manage,POST,/hubspot/student/enrollment/verify/student_id,,,,,,,,,,,,,,,,,,,,,,,,,,,,,,
Hubspot - Application pipeline,Confirm Student Enrollment,,Hubspot,2,,,,,s_application_pipeline_manage,POST,/hubspot/student/enrollment/confirm/student_id,,,,,,,,,,,,,,,,,,,,,,,,,,,,,,
Hubspot - Application pipeline,Student Enrollment Signed,,Hubspot,2,,,,,s_application_pipeline_manage,POST,/hubspot/student/enrollment/signed/student_id,,,,,,,,,,,,,,,,,,,,,,,,,,,,,,
Hubspot - Application pipeline,View Student School PipeLine CheckList,,Hubspot,2,,,,,s_application_pipeline_read,GET,/hubspot/student/school/checklist/student_id,,,,,,,,,,,,,,,,,,,,,,,,,,,,,,
Hubspot - Application pipeline,Create Student School PipeLine CheckList,,Hubspot,2,,,,,s_application_pipeline_manage,POST,/hubspot/student/school/checklist/student_id,,,,,,,,,,,,,,,,,,,,,,,,,,,,,,
Hubspot - Application pipeline,Create staging contact,,Hubspot,2,,,,,s_application_pipeline_manage,POST,/hubspot/staging/contact/list,,,,,,,,,,,,,,,,,,,,,,,,,,,,,,
Hubspot - Application pipeline,Get Guardian Detail,,Hubspot,2,,,,,s_application_pipeline_read,GET,/hubspot/guardian/detail/pk,,,,,,,,,,,,,,,,,,,,,,,,,,,,,,
Hubspot - Application pipeline,Update Guardian Detail,,Hubspot,2,,,,,s_application_pipeline_manage,PUT,/hubspot/guardian/detail/pk,,,,,,,,,,,,,,,,,,,,,,,,,,,,,,
Hubspot - Application pipeline,View Guardians List Of Student,,Hubspot,2,,,,,s_application_pipeline_read,GET,/hubspot/guardian/list/person_id,,,,,,,,,,,,,,,,,,,,,,,,,,,,,,
Hubspot - Application pipeline,View Emergencies List Of Student,,Hubspot,2,,,,,s_application_pipeline_read,GET,/hubspot/emergency/list/person_id,,,,,,,,,,,,,,,,,,,,,,,,,,,,,,
Hubspot - Application pipeline,View Deal Stage Pipeline,,Hubspot,2,,,,,s_application_pipeline_read,GET,/hubspot/pipeline/stage/list,,,,,,,,,,,,,,,,,,,,,,,,,,,,,,
Hubspot - Client,Get Enrollment Form,,Hubspot,2,,,,s_enrollment_form_client_read,,GET,/hubspot/enrollment/form,,,,,,,,,,,,,,,,,,,,,,,,,,,,,,
Hubspot - Client,Create Enrollment Form,,Hubspot,2,7,,s_enrollment_form_client_manage,s_enrollment_form_client_add,,POST,/hubspot/enrollment/form,1,,,,,,,,,,,,,,,,,,,,,,,,,,,,,
Hubspot - Client,Get Guarantee Form,,Hubspot,2,,,,,s_enrollment_form_client_read,GET,/hubspot/guarantee/form,,,,,,,,,,,,,,,,,,,,,,,,,,,,,,
Hubspot - Client,Create Guarantee Fee Generation,,Hubspot,2,,,,,s_enrollment_form_client_manage,POST,/hubspot/guarantee/generate/fee,,,,,,,,,,,,,,,,,,,,,,,,,,,,,,
Hubspot - Client,Create Guarantee Register,,Hubspot,2,,,,,s_enrollment_form_client_manage,POST,/hubspot/guarantee/register,,,,,,,,,,,,,,,,,,,,,,,,,,,,,,
Hubspot - Website,View Web Student Need Payment Fee,,Hubspot,2,,,,,,GET,/hubspot/website/student/need_payment_fee,,,,,,,,,,,,,,,,,,,,,,,,,,,,,,
Hubspot - Food court,View Food Court Person List,,Hubspot,2,,,,s_food_court_read,,GET,/hubspot/food-count/person/list,,,,,,,,,,,,,,,,,,,,,,,,,,,,,,
Hubspot - Super admin,Create Student Enrollment To Cap,,Hubspot,2,8,,s_enrollment_integration,s_enrollment_integration,,POST,/hubspot/admin/student/enrollment/to/cap/student_id,,,,,,,,,,,,,,,,,,,,,,,,,,,,,,
Hubspot - Super admin,Push Student to User App,,Hubspot,2,,,,,s_enrollment_integration,POST,/hubspot/sync/student/user/student_id,,,,,,,,,,,,,,,,,,,,,,,,,,,,,,
Hubspot - Super admin,Push Guardian to User App,,Hubspot,2,,,,,s_enrollment_integration,POST,/hubspot/sync/guardian/user/guardian_id,,,,,,,,,,,,,,,,,,,,,,,,,,,,,,
Hubspot - Long term contract,View Contract,,Hubspot,2,9,,s_contract_read,s_contract_read,,GET,/hubspot/contract,1,,,,,,,,,,,,,,,,,,,,,,,,,,,,,
Hubspot - Long term contract,Create Contract,,Hubspot,2,,,,s_contract_add,,POST,/hubspot/contract,,,,,,,,,,,,,,,,,,,,,,,,,,,,,,
Hubspot - Long term contract,View Contracts By student,,Hubspot,2,,,,,s_contract_read,GET,/hubspot/contract/list/student_id,,,,,,,,,,,,,,,,,,,,,,,,,,,,,,
Hubspot - Long term contract,Get Long Term Contract PDF,,Hubspot,2,,,,,s_contract_read,GET,/hubspot/long-term-contract/pdf,,,,,,,,,,,,,,,,,,,,,,,,,,,,,,
Hubspot - Long term contract,View Appendix List,,Hubspot,2,,,,,s_contract_read,GET,/hubspot/appendix/list,,,,,,,,,,,,,,,,,,,,,,,,,,,,,,
Hubspot - Long term contract,Get Appendix Detail,,Hubspot,2,,,,,s_contract_read,GET,/hubspot/appendix/detail/pk,,,,,,,,,,,,,,,,,,,,,,,,,,,,,,
Tuition,,Get list fee by filter,Tuition,3,,,,,cfg_public,GET,/tuition/student/fee/list,,,,,,,,,,,,,,,,,,,,,,,,,,,,,,
Tuition,,Get fee type,Tuition,3,,,,,cfg_public,GET,/tuition/student/fee/type,,,,,,,,,,,,,,,,,,,,,,,,,,,,,,
Tuition,View Student Fee,Get list fee of a student.,Tuition,3,1,,t_tuition_read,t_tuition_read,,GET,/tuition/student/fee/list/student_id,1,,,,,,,,,,,,,,,1,1,1,,,,1,1,,1,1,,,,
Tuition,Manage Tuition,Add a fee for student,Tuition,3,2,,t_tuition_manage,t_tuition_edit,,POST,/tuition/student/fee/list/student_id,1,,,,,,,,,,,,,,,,1,1,,,,1,1,,,1,,,,
Tuition,,Get fee by pk,Tuition,3,,,,,t_tuition_read,GET,/tuition/student/fee/detail/pk,,,,,,,,,,,,,,,,,,,,,,,,,,,,,,
Tuition,,Update fee by pk,Tuition,3,,,,,t_tuition_edit,PUT,/tuition/student/fee/detail/pk,,,,,,,,,,,,,,,,,,,,,,,,,,,,,,
Tuition,,Delete fee by pk,Tuition,3,,,,,t_tuition_edit,DELETE,/tuition/student/fee/detail/pk,,,,,,,,,,,,,,,,,,,,,,,,,,,,,,
Tuition,Init Website Student Tuition Fee List,Init Tuition Fee List For Student On Website,Tuition,3,,,,,,GET,/tuition/website/student/fee/list/student_id,,,,,,,,,,,,,,,,,,,,,,,,,,,,,,
Tuition,View Service Subscription List,,Tuition,3,,,,,,GET,/tuition/service/subscription/list,,,,,,,,,,,,,,,,,,,,,,,,,,,,,,
Payment,View Student Order,Get list order student,Payment,4,1,,p_order_read,p_order_read,,GET,/payment/order/student/student_id,1,,,,,,,,,,,,,,,1,1,1,,,,1,1,,1,1,,,,
Payment,Create Order,Create order,Payment,4,2,,p_order_create,p_order_add,,POST,/payment/order/list,1,,,,,,,,,,,,,,,,1,1,,,,1,1,,,1,,,,
Payment,View Order,Get order detail,Payment,4,3,,p_order_view,p_order_edit,,GET,/payment/order/detail/pk,1,,,,,,,,,,,,,,,1,1,1,,,,1,1,,,1,,,,
Payment,Manage Order,Send email notify order,Payment,4,4,,p_order_manager,p_order_edit,,POST,/payment/order/email/notify/order_id,1,,,,,,,,,,,,,,,,1,1,,,,,,,,,,,,
Payment,,Cancel order,Payment,4,,,,,p_order_manager,DELETE,/payment/order/detail/pk,,,,,,,,,,,,,,,,,,,,,,,,,,,,,,
Payment,View Receipt,Create receipt file,Payment,4,5,,p_order_receipt,p_order_receipt,p_order_manager,GET,/payment/receipt/pdf,1,,,,,,,,,,,,,,,1,1,1,,,,,,,,1,,,,
Payment,,Get list transaction ,Payment,4,,,,,p_order_read,GET,/payment/transaction/list,,,,,,,,,,,,,,,,,,,,,,,,,,,,,,
Payment,,Get transaction detail,Payment,4,,,,,p_order_read,GET,/payment/transaction/detail/transaction_id,,,,,,,,,,,,,,,,,,,,,,,,,,,,,,
Payment,Create Order Receipt,Create order receipt,Payment,4,6,,p_order_receipt,p_order_receipt_add,,POST,/payment/order/receipt/pk,1,,,,,,,,,,,,,,,,1,1,,,,,,,,1,,,,
Payment,View Order Guarantee,Get list order guarantee,Payment,4,7,,p_guarantee_read,p_guarantee_read,,GET,/payment/order/guarantee/list,1,,,,,,,,,,,,,,,1,1,1,,,,,,,1,1,,,,
Report,,Get deal owner,Report,5,,,,,cfg_public,GET,/hubspot/admin/deal/contact-owner,,,,,,,,,,,,,,,,,,,,,,,,,,,,,,
Report,,Get big source contact,Report,5,,,,,cfg_public,GET,/hubspot/admin/config/big-source-contact,,,,,,,,,,,,,,,,,,,,,,,,,,,,,,
Report,View Admission KPI,Funel,Report,5,1,,r_admission_read,r_admission_read,,GET,/report/admission/funnel,1,,,,1,1,,,,,,,,,,,,1,,,,1,1,1,,1,,,,
Report,,Admission best of the week,Report,5,,,,,r_admission_read,GET,/report/admission/best-of-week,,,,,,,,,,,,,,,,,,,,,,,,,,,,,,
Report,,Admission KPI ,Report,5,,,,,r_admission_read,GET,/report/admission/kpi,,,,,,,,,,,,,,,,,,,,,,,,,,,,,,
Report,,Admission KPI dashboard,Report,5,,,,,r_admission_read,GET,/report/admission/dashboard/kpi,,,,,,,,,,,,,,,,,,,,,,,,,,,,,,
Report,,Admission KPI sale,Report,5,,,,,r_admission_read,GET,/report/admission/kpi-sale,,,,,,,,,,,,,,,,,,,,,,,,,,,,,,
Report,,Admission KPI sale dashboard,Report,5,,,,,r_admission_read,GET,/report/admission/dashboard/kpi-sale,,,,,,,,,,,,,,,,,,,,,,,,,,,,,,
Report,,Department KPI,Report,5,,,,,r_admission_read,GET,/report/department/report,,,,,,,,,,,,,,,,,,,,,,,,,,,,,,
Report,View Report Tuition,Total student,Report,5,2,,r_tuition_read,r_tuition_read,,GET,/report/total/students,1,,,,,,,,,,,,,,,,,1,,,,,1,1,,1,,,,
Report,,Dept campus,Report,5,,,,,r_tuition_read,GET,/report/total/dept/campus,,,,,,,,,,,,,,,,,,,,,,,,,,,,,,
Report,,Total discount,Report,5,,,,,r_tuition_read,GET,/report/total/discount/expense,,,,,,,,,,,,,,,,,,,,,,,,,,,,,,
Report,,Total paid campus,Report,5,,,,,r_tuition_read,GET,/report/total/paid/campus,,,,,,,,,,,,,,,,,,,,,,,,,,,,,,
Report,,Total paid fee,Report,5,,,,,r_tuition_read,GET,/report/total/paid/fee,,,,,,,,,,,,,,,,,,,,,,,,,,,,,,
Report,,Dept campus detail,Report,5,,,,,r_tuition_read,GET,/report/total/detail/dept/campus,,,,,,,,,,,,,,,,,,,,,,,,,,,,,,
Report,,Total paid campus detail,Report,5,,,,,r_tuition_read,GET,/report/total/amount/detail/campus,,,,,,,,,,,,,,,,,,,,,,,,,,,,,,
Report,,Total paid fee detail,Report,5,,,,,r_tuition_read,GET,/report/total/amount/detail/fee,,,,,,,,,,,,,,,,,,,,,,,,,,,,,,
Report,,Total discount detail,Report,5,,,,,r_tuition_read,GET,/report/total/amount/detail/promotion,,,,,,,,,,,,,,,,,,,,,,,,,,,,,,
Service,View Service,View service,Service,6,1,,s_service_read,s_service_read,,GET,/tuition/service/subscription/list,1,,,,,,1,1,,,,1,1,1,1,,,,,,,1,1,,1,,,,,
Config,View Config,View config,Config,7,1,,s_config_read,s_config_read,,GET,/hubspot/appendix/list,1,,,,,,,,,,,,,,,,,,,,,,,,1,,,,,
User Management,View User Management,View User Management,User,8,1,,s_user_read,s_user_read,,GET,/user/list,1,,,,,,,,,,,,,,,,,,,,,,,,1,,,,,
User Management,View Profile,,User,8,,,,,s_user_read,GET,/user/profile,,,,,,,,,,,,,,,,,,,,,,,,,,,,,,
User Management,Update Profile,,User,8,2,,s_user_edit,s_user_edit,,PUT,/user/profile,1,,,,,,,,,,,,,,,,,,,,,,,,,,,,,
User Management,Reset Password,,User,8,,,,,s_user_edit,PUT,/user/reset-password,,,,,,,,,,,,,,,,,,,,,,,,,,,,,,
User Management,Change Password,,User,8,,,,,s_user_edit,PUT,/user/change-password,,,,,,,,,,,,,,,,,,,,,,,,,,,,,,
User Management,View Family Person List,,User,8,,,,,s_user_read,GET,/user/family/list,,,,,,,,,,,,,,,,,,,,,,,,,,,,,,
User Management,Create Person,Create person guardian or student,User,8,3,,s_user_manage,s_user_add,,POST,/user/create/person,1,,,,,,,,,,,,,,,,,,,,,,,,,,,,,
User Management,Create Person Staff,,User,8,,,,,s_user_add,POST,/user/create/person/staff,,,,,,,,,,,,,,,,,,,,,,,,,,,,,,
User Management,Change Student Status,,User,8,,,,,s_user_manage,POST,/user/change/status/student,,,,,,,,,,,,,,,,,,,,,,,,,,,,,,
User Management,Update Avatar,,User,8,,,,,s_user_manage,PUT,/user/update/avatar/user_id,,,,,,,,,,,,,,,,,,,,,,,,,,,,,,
User Management,Find User Info By FullName,,User,8,,,,,s_user_read,GET,/user/find/user-info,,,,,,,,,,,,,,,,,,,,,,,,,,,,,,
User Management,Get User Detail,,User,8,,,,,s_user_read,GET,/user/detail/pk,,,,,,,,,,,,,,,,,,,,,,,,,,,,,,
User Management,View User Account List,,User,8,,,,,s_user_read,GET,/user/account/list,,,,,,,,,,,,,,,,,,,,,,,,,,,,,,
User Management,Get User Account Detail,,User,8,,,,,s_user_read,GET,/user/account/detail/pk,,,,,,,,,,,,,,,,,,,,,,,,,,,,,,
User Management,Block Account,Change status account by pk,User,8,,,,,s_user_manage,PUT,/user/account/block/pk,,,,,,,,,,,,,,,,,,,,,,,,,,,,,,
User Management,Notify Reset Password, Send Notification to user to reset password,User,8,,,,,s_user_manage,POST,/user/notify/reset-password/pk,,,,,,,,,,,,,,,,,,,,,,,,,,,,,,
User Management - Role,View Role List,,User,8,4,,s_user_read_role,s_user_read_role,,GET,/user/role/list,1,,,,,,,,,,,,,,,,,,,,,,,,,,,,,
User Management - Role,Create Role List,,User,8,5,,s_user_manage_role,s_user_add_role,,POST,/user/role/list,1,,,,,,,,,,,,,,,,,,,,,,,,,,,,,
User Management - Role,Get Role Detail,,User,8,,,,,s_user_read_role,GET,/user/role/detail/pk,,,,,,,,,,,,,,,,,,,,,,,,,,,,,,
User Management - Role,Create Role Detail,Create Role Application,User,8,,,,,s_user_add_role,POST,/user/role/detail/pk,,,,,,,,,,,,,,,,,,,,,,,,,,,,,,
User Management - Role,Update Role,Update Role Info,User,8,,,,,s_user_manage_role,PUT,/user/role/detail/pk,,,,,,,,,,,,,,,,,,,,,,,,,,,,,,
User Management - Role,View List Account By Role,Get list account by role id,User,8,,,,,s_user_read_role,GET,/user/role/detail/list-account/pk,,,,,,,,,,,,,,,,,,,,,,,,,,,,,,
User Management - Role,Delete Role Account ,Delete Role Account By role id,User,8,,,,,s_user_manage_role,DELETE,/user/role/detail/list-account/pk,,,,,,,,,,,,,,,,,,,,,,,,,,,,,,
User Management - Role,View Account Role List By User,Get list role account by user id,User,8,,,,,s_user_read_role,GET,/user/account/role/list/pk,,,,,,,,,,,,,,,,,,,,,,,,,,,,,,
User Management - Role,Create Account Role List By User,Create role account by user id,User,8,,,,,s_user_add_role,POST,/user/account/role/list/pk,,,,,,,,,,,,,,,,,,,,,,,,,,,,,,
User Management - Role,Update Account Role List By User,Update role account by user id,User,8,,,,,s_user_manage_role,PUT,/user/account/role/list/pk,,,,,,,,,,,,,,,,,,,,,,,,,,,,,,
User Management - Role,View Application List,,User,8,,,,,s_user_read_role,GET,/user/application/list,,,,,,,,,,,,,,,,,,,,,,,,,,,,,,
User Management - Teams,View Teams List,,User,8,6,,s_user_read_teams,s_user_read_teams,,GET,/user/team/list,1,,,,,,,,,,,,,,,,,,,,,,,,,,,,,
User Management - Teams,Create Teams List,,User,8,7,,s_user_manage_teams,s_user_add_teams,,POST,/user/team/list,1,,,,,,,,,,,,,,,,,,,,,,,,,,,,,
User Management - User Actor,View UA List,,User,8,8,,s_user_read_ua,s_user_read_ua,,GET,/user/user-actors,1,,,,,,,,,,,,,,,,,,,,,,,,,,,,,
User Management - User Actor,Create UA,,User,8,9,,s_user_manage_ua,s_user_create_ua,,POST,/user/user-actors/create,1,,,,,,,,,,,,,,,,,,,,,,,,,,,,,
User Management - User Actor,Delete UA,,User,8,9,,,s_user_edit_ua,s_user_manage_ua,DELETE,/user/user-actors/ua_id,1,,,,,,,,,,,,,,,,,,,,,,,,,,,,,
User Management - Teams,Get Automation Rule List,,User,8,,,,,s_user_read_teams,GET,/user/automation-rule/list,,,,,,,,,,,,,,,,,,,,,,,,,,,,,,
User Management - Teams,Create Automation Rule List,,User,8,,,,,s_user_manage_teams,POST,/user/automation-rule/list,,,,,,,,,,,,,,,,,,,,,,,,,,,,,,
User Management - Teams,Delete Automation Rule Detail,,User,8,,,,,s_user_manage_teams,DELETE,/user/automation-rule/detail/pk,,,,,,,,,,,,,,,,,,,,,,,,,,,,,,
User Management - User Integrate,Create User Integrate History List,,User,8,,,,,,POST,/user/callback/integrate/history/pk,,,,,,,,,,,,,,,,,,,,,,,,,,,,,,
User Management - User Integrate,Create CallBack User From Hubspot,,User,8,,,,,,POST,/user/callback/data/hubspot,,,,,,,,,,,,,,,,,,,,,,,,,,,,,,
User Management - Google,Get Google SDK Token,,User,8,,,,,,GET,/user/google_sdk/get_token,,,,,,,,,,,,,,,,,,,,,,,,,,,,,,
Food,View,View,Food,9,1,,s_food_read,s_food_read,,GET,/food/admin/food,1,,,,1,1,1,1,,,,,,1,1,,,,,,,,,,1,,,,,
Food,Create Food Type List,,Food,9,2,,s_food_manage,s_food_add,,POST,/food/type/list,1,,,,,,,,,,,,,,,,,,,,,,,,,,,,,
Food,View Food Type List,,Food,9,,,,,s_food_read,GET,/food/type/list,,,,,,,,,,,,,,,,,,,,,,,,,,,,,,
Food,Get Food Set List,Get food set by filter,Food,9,,,,,s_food_read,GET,/food/set/list,,,,,,,,,,,,,,,,,,,,,,,,,,,,,,
Food,Get Food Detail,Get food detail by id,Food,9,,,,,s_food_read,GET,/food/detail/pk,,,,,,,,,,,,,,,,,,,,,,,,,,,,,,
Food - Admin,Create Admin Food List,,Food,9,,,,,s_food_add,POST,/food/admin/food,,,,,,,,,,,,,,,,,,,,,,,,,,,,,,
Food - Admin,Get Admin Food Detail,,Food,9,,,,,s_food_read,GET,/food/admin/food/pk,,,,,,,,,,,,,,,,,,,,,,,,,,,,,,
Food - Admin,Update Admin Food ,,Food,9,,,,,s_food_manage,PUT,/food/admin/food/pk,,,,,,,,,,,,,,,,,,,,,,,,,,,,,,
Food - Admin,Delete Admin Food ,,Food,9,,,,,s_food_manage,DELETE,/food/admin/food/pk,,,,,,,,,,,,,,,,,,,,,,,,,,,,,,
Food - Admin,Create Admin Food Type List,,Food,9,,,,,s_food_add,POST,/food/admin/type,,,,,,,,,,,,,,,,,,,,,,,,,,,,,,
Food - Admin,View Admin Food Type List,,Food,9,,,,,s_food_read,GET,/food/admin/type,,,,,,,,,,,,,,,,,,,,,,,,,,,,,,
Food - Admin,Get Admin Food Type Detail,,Food,9,,,,,s_food_read,GET,/food/admin/type/pk,,,,,,,,,,,,,,,,,,,,,,,,,,,,,,
Food - Admin,Update Admin Food Type,,Food,9,,,,,s_food_manage,PUT,/food/admin/type/pk,,,,,,,,,,,,,,,,,,,,,,,,,,,,,,
Food - Admin,Delete Admin Food Type ,,Food,9,,,,,s_food_manage,DELETE,/food/admin/type/pk,,,,,,,,,,,,,,,,,,,,,,,,,,,,,,
Food - Admin,Create Admin Menu By Date,Add a food to menu,Food,9,,,,,s_food_add,POST,/food/admin/menu/date,,,,,,,,,,,,,,,,,,,,,,,,,,,,,,
Food - Admin,Get Admin Menu By Date, Get menu list of date,Food,9,,,,,s_food_read,GET,/food/admin/menu/date,,,,,,,,,,,,,,,,,,,,,,,,,,,,,,
Food - Admin,Get Admin Menu By Date Detail,,Food,9,,,,,s_food_read,GET,/food/admin/menu/date/detail/pk,,,,,,,,,,,,,,,,,,,,,,,,,,,,,,
Food - Admin,Update Admin Menu By Date Detail,,Food,9,,,,,s_food_manage,PUT,/food/admin/menu/date/detail/pk,,,,,,,,,,,,,,,,,,,,,,,,,,,,,,
Food - Admin,Delete Admin Menu By Date Detail,,Food,9,,,,,s_food_manage,DELETE,/food/admin/menu/date/detail/pk,,,,,,,,,,,,,,,,,,,,,,,,,,,,,,
Food - Admin,Create Admin Food Set List,,Food,9,,,,,s_food_add,POST,/food/admin/set,,,,,,,,,,,,,,,,,,,,,,,,,,,,,,
Food - Admin,View Admin Food Set List,,Food,9,,,,,s_food_read,GET,/food/admin/set,,,,,,,,,,,,,,,,,,,,,,,,,,,,,,
Food - Admin,Get Admin Food Set Detail,,Food,9,,,,,s_food_read,GET,/food/admin/set/pk,,,,,,,,,,,,,,,,,,,,,,,,,,,,,,
Food - Admin,Update Admin Food Set Detail,,Food,9,,,,,s_food_manage,PUT,/food/admin/set/pk,,,,,,,,,,,,,,,,,,,,,,,,,,,,,,
Food - Admin,Delete Admin Food Set,,Food,9,,,,,s_food_manage,DELETE,/food/admin/set/pk,,,,,,,,,,,,,,,,,,,,,,,,,,,,,,
Food - Admin,Create Food Config Menu Grade,,Food,9,,,,,s_food_add,POST,/food/admin/config/menu/grade,,,,,,,,,,,,,,,,,,,,,,,,,,,,,,
Food - Admin,View Food Config Menu Grade List,,Food,9,,,,,s_food_read,GET,/food/admin/config/menu/grade,,,,,,,,,,,,,,,,,,,,,,,,,,,,,,
Food - Admin,Update Food Config Menu Grade Detail,,Food,9,,,,,s_food_manage,PUT,/food/admin/config/menu/grade/pk,,,,,,,,,,,,,,,,,,,,,,,,,,,,,,
Food - Admin,Get Food Config Menu Grade Detail,,Food,9,,,,,s_food_read,GET,/food/admin/config/menu/grade/pk,,,,,,,,,,,,,,,,,,,,,,,,,,,,,,
Food - Admin,Create Food Register Form,,Food,9,,,,,s_food_add,POST,/food/admin/register/form,,,,,,,,,,,,,,,,,,,,,,,,,,,,,,
Food - Admin,Get Food Register Form,,Food,9,,,,,s_food_read,GET,/food/admin/register/form,,,,,,,,,,,,,,,,,,,,,,,,,,,,,,
Food - Admin,Get Food Register Form Detail,,Food,9,,,,,s_food_read,GET,admin/register/form/detail/pk,,,,,,,,,,,,,,,,,,,,,,,,,,,,,,
Food - Admin,Update Food Register Form Detail,,Food,9,,,,,s_food_manage,PUT,admin/register/form/detail/pk,,,,,,,,,,,,,,,,,,,,,,,,,,,,,,
Food - Admin,Get Food Register Form Overview,,Food,9,,,,,s_food_read,GET,/food/admin/register/form/overview/pk,,,,,,,,,,,,,,,,,,,,,,,,,,,,,,
Food - Admin,Create Food Booking Missing,,Food,9,,,,,s_food_add,POST,/food/admin/booking/missing,,,,,,,,,,,,,,,,,,,,,,,,,,,,,,
Food - Admin,Create Food Auto Booking,,Food,9,,,,,s_food_add,POST,/food/admin/auto-booking/list,,,,,,,,,,,,,,,,,,,,,,,,,,,,,,
Food - Admin,View Food Auto Booking List,,Food,9,,,,,s_food_read,GET,/food/admin/auto-booking/list,,,,,,,,,,,,,,,,,,,,,,,,,,,,,,
Food - Admin,Delete Food Auto Booking,,Food,9,,,,,s_food_manage,DELETE,/food/admin/auto-booking/detail/pk,,,,,,,,,,,,,,,,,,,,,,,,,,,,,,
Food - Admin,Get Food Menu Date Range,,Food,9,,,,,s_food_read,GET,/food/admin/menu/date/range,,,,,,,,,,,,,,,,,,,,,,,,,,,,,,
Food,Create Client Booking,Register food set varian for student | staff,Food,9,3,,s_food_manage_form,s_food_add_form,,POST,/food/client/booking,1,,,,,,,,,,,,,,,,,,,,,,,,,,,,,
Food - Client Booking,View Client Booking,Get food set varian for registration ,Food,9,,,,,s_food_read,GET,/food/client/booking,,,,,,,,,,,,,,,,,,,,,,,,,,,,,,
Food - Client Booking,Create Client Booking Confirm,confirm booking,Food,9,,,,,s_food_manage_form,POST,/food/client/booking/confirm,,,,,,,,,,,,,,,,,,,,,,,,,,,,,,
Food - Client Booking,Get Client Booking Detail,Get food set varian by date,Food,9,,,,,s_food_read,GET,/food/client/booking/detail,,,,,,,,,,,,,,,,,,,,,,,,,,,,,,
Food - Client Booking,Get Selected Meal,"Get selected meal by person_number(student_number, guardian_number, staff_number) and date",Food,9,,,,,s_food_read,GET,/food/client/selected/meal,,,,,,,,,,,,,,,,,,,,,,,,,,,,,,
Food - Client Booking,Create Selected Meal,"Receive selected meal by person_number(student_number, guardian_number, staff_number) and date",Food,9,,,,,s_food_add_form,POST,/food/client/selected/meal,,,,,,,,,,,,,,,,,,,,,,,,,,,,,,
Bus,Create Bus Service,,Bus,16,,,s_bus_manage,s_bus_create,,POST,/bus/service/subscriptions,1,,,,,,,,,,,,,,,,,,,,,,,,,,,,,
Bus,View Bus Service,,Bus,16,,,s_bus_read,s_bus_read,,GET,/bus/service/subscriptions,1,,,,,,,,,,,,,,,,,,,,,,,,,,,,,
Application Pipeline,View,View,ApplicationPipeline,10,1,,s_application_pipeline_read,s_application_pipeline_read,,GET,/hubspot/student/list,1,,,,1,1,1,1,,,,,,,,,,,,,,1,1,,1,,,,,
Email Process,Create Email Process,,Process,13,1,,p_email_manage,p_email_add,,POST,/process/email-process,1,,,,,,,,,,,,,,,,,,,,,,,,,,,,,
Email Process,Resend Email Process,,Process,13,,,,,p_email_manage,PUT,/process/email-process/resend,,,,,,,,,,,,,,,,,,,,,,,,,,,,,,
Email Process,Get Email Process Status,Get Email Process Task Status ,Process,13,2,,p_email_read,p_email_read,,GET,/process/email-process-status/task_id,1,,,,,,,,,,,,,,,,,,,,,,,,,,,,,
Email Process,View Email Process List,,Process,13,,,,,p_email_read,GET,/process/emails/list,,,,,,,,,,,,,,,,,,,,,,,,,,,,,,
Email Process,Get Email Process Detail,,Process,13,,,,,p_email_read,GET,/process/emails/detail/id,,,,,,,,,,,,,,,,,,,,,,,,,,,,,,
Medicine Request,View List,View,MedicineRequest,11,1,,m_medicine_read,m_medicine_read,,GET,/medicine/admin/list,1,1,1,1,,,,,,,,,1,,,,,,,,,,,,1,,,1,,
Medicine Request,View Detail,View Detail,MedicineRequest,11,,,,,m_medicine_read,GET,/medicine/admin/detail/pk,,,,,,,,,,,,,,,,,,,,,,,,,,,,,,
Medicine Request,Update Status,Update Status,MedicineRequest,11,2,,m_medicine_manage,m_medicine_manage,,PUT,/medicine/admin/detail/pk,1,1,1,1,,,,,,,,,1,,,,,,,,,,,,,,,1,,
Mobile CMS,View News Articles List,View News Articles List,MobileCMS,12,1,,mb_cms_read,mb_cms_read,,GET,/cms/news-articles,1,1,1,1,1,1,1,1,1,1,,,,,,,,,,,,,,1,,,,,,
Mobile CMS,Create News Article,Create News Article,MobileCMS,12,2,,mb_cms_manage,mb_cms_edit,,POST,/cms/news-articles,1,1,1,1,1,1,1,1,1,1,,,,,,,,,,,,,,1,,,,,,
Mobile CMS,Get News Article Detail ,Get News Article Detail ,MobileCMS,12,,,,,mb_cms_read,GET,/cms/news-articles/pk,,,,,,,,,,,,,,,,,,,,,,,,,,,,,,
Mobile CMS,Update News Article,Update News Article,MobileCMS,12,,,,,mb_cms_manage,PUT,/cms/news-articles/pk,,,,,,,,,,,,,,,,,,,,,,,,,,,,,,
Mobile CMS,Change News Article Status,Change News Article Status,MobileCMS,12,,,,,mb_cms_manage,PUT,/cms/news-articles/status,,,,,,,,,,,,,,,,,,,,,,,,,,,,,,
Mobile CMS,Send Notification Of News Article,Send Notfiication Of News Article,MobileCMS,12,,,,,mb_cms_manage,PUT,/cms/news-articles/notify,,,,,,,,,,,,,,,,,,,,,,,,,,,,,,
Mobile Banner,View Banners List,View Banners List,MobileBanner,12,1,,mb_banner_read,mb_banner_read,,GET,/cms/banners,1,1,1,1,1,1,1,1,1,1,,,,,,,,,,,,1,1,1,,,,,,
Mobile Banner,Create Banner,Create Banner,MobileBanner,12,2,,mb_banner_manage,mb_banner_edit,,POST,/cms/banners,1,1,1,1,1,1,1,1,1,1,,,,,,,,,,,,1,1,1,,,,,,
Mobile Banner,Get Banner Detail ,Get Banner Detail ,MobileBanner,12,,,,,mb_banner_read,GET,/cms/banners/pk,,,,,,,,,,,,,,,,,,,,,,,,,,,,,,
Mobile Banner,Update Banner,Update Banner,MobileBanner,12,,,,,mb_banner_manage,PUT,/cms/banners/pk,,,,,,,,,,,,,,,,,,,,,,,,,,,,,,
Mobile Banner,Change Banner Status,Change Banner Status,MobileBanner,12,,,,,mb_banner_manage,PUT,/cms/banners/status,,,,,,,,,,,,,,,,,,,,,,,,,,,,,,
Mobile Survey,View Surveys List,View Surveys List,MobileSurvey,12,1,,mb_survey_read,mb_survey_read,,GET,/cms/surveys,1,1,1,1,1,1,,,1,1,,,,,,,,,,,,,,,,,,,,
Mobile Survey,Create Survey,Create Survey,MobileSurvey,12,2,,mb_survey_manage,mb_survey_edit,,POST,/cms/surveys,1,1,1,1,1,1,,,1,1,,,,,,,,,,,,,,,,,,,,
Mobile Survey,Get Survey Detail ,Get Survey Detail ,MobileSurvey,12,,,,,mb_survey_read,GET,/cms/surveys/pk,,,,,,,,,,,,,,,,,,,,,,,,,,,,,,
Mobile Survey,Update Survey,Update Survey,MobileSurvey,12,,,,,mb_survey_edit,PUT,/cms/surveys/pk,,,,,,,,,,,,,,,,,,,,,,,,,,,,,,
Mobile Survey,Change Survey Status,Change Survey Status,MobileSurvey,12,,,,,mb_survey_manage,PUT,/cms/surveys/status,,,,,,,,,,,,,,,,,,,,,,,,,,,,,,
Mobile Survey,Send Notfiication Of Survey ,Send Notfiication Of Survey ,MobileSurvey,12,,,,,mb_survey_manage,PUT,/cms/surveys/notify,,,,,,,,,,,,,,,,,,,,,,,,,,,,,,
Leave Request,View Leave Requests List,View Leave Requests List,LeaveRequest,12,1,,mb_leave_request_read,mb_leave_request_read,,GET,/cms/leave-requests,1,1,1,1,1,1,,,1,1,,,,,,,,,,,,,,,,,,,1,
Leave Request,Approve Leave Request,Approve Leave Request,LeaveRequest,12,2,,mb_leave_request_manage,mb_leave_request_manage,,PUT,/cms/leave-requests/approve,1,1,1,1,1,1,,,1,1,,,,,,,,,,,,,,,,,,,1,
Leave Request,Reject Leave Request,Reject Leave Request,LeaveRequest,12,,,,,mb_leave_request_manage,PUT,/cms/leave-requests/reject,,,,,,,,,,,,,,,,,,,,,,,,,,,,,,
Mobile Galleries,View Galleries,View Galleries,MobileGallery,12,1,,mb_gallery_read,mb_gallery_read,,GET,/cms/galleries,1,1,,,,,,,,,,,,,,,,,,,,,,,,,,,,
Report Card,Report Card,Active Report,ReportCard,13,1,,rc_report_card_edit,rc_report_card_edit,,PUT,/hubspot/admin/report-card/list,1,,,,,,,,,,,,,,,,,,,,,,,,,,,,,
Message Batch,Create Integration Account,Create Integration Account,MessageBatch,14,,,mess_inte_account_manage,mess_inte_account_add,,POST,/messaging/emails/integration-accounts,1,,,,,,,,,,,,,,,,,,,,,,,,,,,,,
Message Batch,Get Integration Account,Get Integration Account,MessageBatch,14,,,mess_inte_account_read,mess_inte_account_read,,GET,/messaging/emails/integration-accounts,1,,,,,,,,,,,,,,,,,,,,,,,,,,,,,
Message Batch,Create Template,Create Template,MessageBatch,14,,,mess_template_manage,mess_template_manage,,POST,/messaging/templates,1,,,,,,,,,,,,,,,,,,,,,,,,,,,,,
Message Batch,Get Template,Get Template,MessageBatch,14,,,mess_template_read,mess_template_read,,GET,/messaging/templates,1,,,,,,,,,,,,,,,,,,,,,,,,,,,,,
Message Batch,Get Template Detail,Get Template Detail,MessageBatch,14,,,,,mess_template_manage,GET,/messaging/templates/template_id,,,,,,,,,,,,,,,,,,,,,,,,,,,,,,
Message Batch,Update Template,Update Template,MessageBatch,14,,,,,mess_template_manage,PUT,/messaging/templates/template_id,,,,,,,,,,,,,,,,,,,,,,,,,,,,,,
Message Batch,Create Email Batch,Create Message Batch,MessageBatch,14,,,mess_batch_manage,mess_batch_manage,,POST,/messaging/emails/batches,1,,,,,,,,,,,,,,,,,,,,,,,,,,,,,
Message Batch,Create SMS Batch,Create SMS Batch,MessageBatch,14,,,,,mess_batch_manage,POST,/messaging/sms/batches,,,,,,,,,,,,,,,,,,,,,,,,,,,,,,
Message Batch,Get Message Batch,Get Message Batch,MessageBatch,14,,,mess_batch_read,mess_batch_read,,GET,/messaging/emails/batches,1,,,,,,,,,,,,,,,,,,,,,,,,,,,,,
Message Batch,Get Message Batch Detail,Get Message Batch Detail,MessageBatch,14,,,,,mess_batch_read,GET,/messaging/emails/batches/batch_code,,,,,,,,,,,,,,,,,,,,,,,,,,,,,,
Message Batch,Edit Message Batch,Edit Message Batch,MessageBatch,14,,,,,mess_batch_manage,PUT,/messaging/emails/batches/batch_code,,,,,,,,,,,,,,,,,,,,,,,,,,,,,,
Message Batch,Send Message Batch,Send Message Batch,MessageBatch,14,,,mess_batch_send,mess_batch_send,,POST,/messaging/emails/batches/batch_code/send,1,,,,,,,,,,,,,,,,,,,,,,,,,,,,,
Message Batch,Create Recipients For Message Batch,Create Recipients For Message Batch,MessageBatch,14,,,mess_recipient_manage,mess_recipient_manage,,POST,/messaging/recipients/batches/batch_code,1,,,,,,,,,,,,,,,,,,,,,,,,,,,,,
Message Batch,Edit Recipients Of Message Batch,Edit Recipients Of Message Batch,MessageBatch,14,,,,,mess_recipient_manage,PUT,/messaging/recipients/recipient_id,,,,,,,,,,,,,,,,,,,,,,,,,,,,,,
Message Batch,Remove Recipients From Message Batch,Remove Recipients From Message Batch,MessageBatch,14,,,,,mess_recipient_manage,DELETE,/messaging/recipients/recipient_id,,,,,,,,,,,,,,,,,,,,,,,,,,,,,,
Message Batch,Upload Attachements For Email Batch,Upload Attachements For Email Batch,MessageBatch,14,,,mess_attachment_manage,mess_attachment_manage,,POST,/messaging/emails/batches/batch_code/upload-files,1,,,,,,,,,,,,,,,,,,,,,,,,,,,,,
Card Management,Get List Card,Get Card Info,Card,15,,,c_card_read,c_card_read,,GET,/card/list,,,,,,,,,,,,,,,,,,,,,,,,,,,,,,
Card Management,Post List Card,Create Card Info,Card,15,,,c_card_create,c_card_read,,POST,/card/list,,,,,,,,,,,,,,,,,,,,,,,,,,,,,,
Card Management,Get Detail Card,Get Card Detail,Card,15,,,c_card_read,c_card_read,,GET,/card/detail/person_number,,,,,,,,,,,,,,,,,,,,,,,,,,,,,,
Card Management,Post Detail Card,Update Card Detail,Card,15,,,c_card_edit,c_card_read,,POST,/card/detail/person_number,,,,,,,,,,,,,,,,,,,,,,,,,,,,,,
Message Batch,Remove Attachements From Email Batch,Remove Attachements From Email Batch,MessageBatch,14,,,,,mess_attachment_manage,DELETE,/messaging/emails/batches/batch_code/remove-files,,,,,,,,,,,,,,,,,,,,,,,,,,,,,,
Message Batch,Get Guardians By Student,Select Guardians By Student For Recipients,MessageBatch,14,,,,,mess_recipient_manage,GET,/messaging/recipients/students,,,,,,,,,,,,,,,,,,,,,,,,,,,,,,
Message Batch,Import Recipients By Student,Import Recipients By Student,MessageBatch,14,,,,,mess_recipient_manage,POST,/messaging/batches/batch_code/recipients:from-students,,,,,,,,,,,,,,,,,,,,,,,,,,,,,,
Message Batch,Import Recipients By CSV,Import Recipients By CSV,MessageBatch,14,,,,,mess_recipient_manage,POST,/messaging/batches/batch_code/recipients:import-csv,,,,,,,,,,,,,,,,,,,,,,,,,,,,,,
Message Batch,Export Recipients Of Batch,Export Recipients Of Batch,MessageBatch,14,,,,,mess_recipient_manage,GET,/messaging/recipients/batches/batch_code/export,,,,,,,,,,,,,,,,,,,,,,,,,,,,,,
Message Batch,Recipient Webhook,Recipient Webhook,MessageBatch,14,,,,,mess_recipient_manage,POST,/messaging/emails/recipients/webhook,,,,,,,,,,,,,,,,,,,,,,,,,,,,,,